"Cycle","Susceptible","FP","Exposed","Asympt","Symptoms","TP","Recovered","Dead","Superspreader Event","Persons Tested","Total TPs","Total FPs","Total TNs","Total FNs","Day","True Positive","False Positive","Total","New Infections","Cumulative Infections","%Cumulative Infections"
0,989.494897959184,0,0.505102040816326,9.65986394557823,0.102040816326531,0,0.238095238095238,0,0,1.00000000001e-08,NA,NA,NA,NA,0.333333333333333,0,0,0.102040816326531,0.505102040816326,0.505102040816326,0.000510204081632653
1,989.007225199534,0,0.9366523514862,9.38741959368781,0.198180097962351,0,0.470521541950113,1.21537931259118e-06,0,9.99659863955575e-09,0,0,9.900000000099e-09,1.00000000001e-10,0.666666666666667,0,0,0.198180097962351,0.487672759649466,0.992774800465792,0.00100280282875333
2,988.533540209527,0,1.30626485799472,9.17219209100642,0.289249159588185,0,0.698750106037022,3.57584642665239e-06,0,9.99331297154702e-09,0,0,9.89494897969079e-09,0.505102040912925,1,0,0,0.289249159588185,0.473684990006986,1.46645979047278,0.00148127251562907
3,988.070937172833,0,1.62372735491163,9.00535330796026,0.375952626518132,0,0.924022516765465,7.02101138518148e-06,0,9.99011997168519e-09,0,0,9.89007225209424e-09,0.936652351580075,1.33333333333333,0,0,0.375952626518132,0.462603036694102,1.92906282716688,0.00194854831026958
4,987.616961260457,0,1.89728911674185,8.87946292422164,0.458888255925665,0,1.14738694377686,1.14988768240692e-05,0,9.98700017845692e-09,0,0,9.88533540219413e-09,1.30626485808644,1.66666666666667,0,0,0.458888255925665,0.453975912375958,2.38303873954284,0.00240710983792206
5,987.169537373169,0,2.13390310216964,8.78825027763893,0.538563643914894,0,1.36972863854227,1.69645650958916e-05,0,9.98393713311405e-09,0,0,9.88070937182714e-09,1.62372735500168,2,0,0,0.538563643914894,0.447423887287993,2.83046262683083,0.00285905315841498
6,986.726910181287,0,2.3394299493666,8.72643054485373,0.615410308574081,0,1.5917956366745,2.33792443869048e-05,0,9.98091690762959e-09,0,0,9.87616961270333e-09,1.89728911683065,2.33333333333333,0,0,0.615410308574081,0.442627191882472,3.2730898187133,0.00330615133203364
7,986.287593658407,0,2.51880981120521,8.68954984042325,0.689795561842638,0,1.81422041889897,3.07092225733085e-05,0,9.97792770685485e-09,0,0,9.87169537383041e-09,2.13390310225752,2.66666666666667,0,0,0.689795561842638,0.439316522879343,3.71240634159265,0.00374990539554813
8,985.850328597076,0,2.67620711573554,8.67385467748154,0.762032517952022,0,2.03753816657197,3.89251824799599e-05,0,9.97495953320011e-09,0,0,9.86726910191154e-09,2.33942994945386,3,0,0,0.762032517952022,0.43726506133091,4.14967140292356,0.00419158727568036
9,985.414046837689,0,2.81513252893038,8.67618195301174,0.832388531417136,0,2.26220214741563,4.80015363467984e-05,0,9.97200390400266e-09,0,0,9.8628759366827e-09,2.5188098112921,3.33333333333333,0,0,0.832388531417136,0.436281759387677,4.58595316231123,0.0046322759215265
10,984.977841145372,0,2.93854571803311,8.69386622653195,0.901092311423418,0,2.48859668275917,5.79158807977993e-05,0,9.969053613296e-09,0,0,9.85850328606935e-09,2.67620711582228,3.66666666666667,0,0,0.901092311423418,0.436205692317215,5.02215885462845,0.00507288773194793
11,984.540939839912,0,3.04894194371165,8.72466157071708,0.968339920603151,0,2.71704807652001,6.86485365473814e-05,0,9.96610253099903e-09,0,0,9.85414046847543e-09,2.81513252901714,4,0,0,0.968339920603151,0.436901305460005,5.45906016008845,0.00551420218190753
12,984.102685426513,0,3.14842503003151,8.76667570151326,1.0342998334697,0,2.94783382631335,8.01821595565426e-05,0,9.96314543364303e-09,0,0,9.84977841155221e-09,2.93854571812004,4.33333333333333,0,0,1.0342998334697,0.438254413398926,5.89731457348738,0.00595688340756301
13,983.662516594874,0,3.23876885833358,8.8183144564993,1.09911720221087,0,3.18119038667009,9.25014124385752e-05,0,9.96017786168018e-09,0,0,9.84540939849757e-09,3.0489419437989,4.66666666666667,0,0,1.09911720221087,0.440168831638906,6.33748340512629,0.00640149838901645
14,983.219953054547,0,3.32146919217886,8.8782349943924,1.16291745431766,0,3.41731971187747,0.000105592686673441,0,9.95719599919664e-09,0,0,9.84102685436354e-09,3.14842503011917,5,0,0,1.16291745431766,0.442563540326789,6.78004694545308,0.00684853226813442
15,982.774582758915,0,3.39778735534687,8.94530634473453,1.22580932695623,0,3.6563947701801,0.000119443867672484,0,9.95419657251072e-09,0,0,9.8366251660471e-09,3.23876885842176,5.33333333333333,0,0,1.22580932695623,0.445370295632333,7.22541724108541,0.00729840125362162
16,982.326051141027,0,3.46878704486261,9.0185761525372,1.28788742650258,0,3.89856419093464,0.000134044135984691,0,9.95117676468947e-09,0,0,9.83219953064379e-09,3.32146919226764,5.66666666666667,0,0,1.28788742650258,0.448531617887609,7.67394885897302,0.00775146349391214
17,981.874052044148,0,3.53536535897951,9.09724264439708,1.34923438776506,0,4.14395618091177,0.000149383798988842,0,9.94813414348375e-09,0,0,9.82774582768742e-09,3.39778735543633,6,0,0,1.34923438776506,0.451999096879413,8.12594795585243,0.00820802823823478
18,981.41832007998,0,3.59827894992706,9.18063099569876,1.40992269571111,0,4.39268182453468,0.00016545414830356,0,9.94506660057469e-09,0,0,9.8232605115085e-09,3.46878704495279,6.33333333333333,0,0,1.40992269571111,0.455731964167499,8.58167992001993,0.00866836355557569
19,980.958624189721,0,3.65816606797176,9.26817340751496,1.47001622264677,0,4.64483786480635,0.000182247338895417,0,9.94197230035548e-09,0,0,9.81874052053966e-09,3.53536535907048,6.66666666666667,0,0,1.47001622264677,0.45969589025882,9.04137581027875,0.0091327028386654
20,980.494762218569,0,3.71556514268289,9.35939231050338,1.52957152548154,0,4.90050904647686,0.000199756286495964,0,9.93884963675147e-09,0,0,9.81418320089794e-09,3.59827895001887,7,0,0,1.52957152548154,0.46386197115243,9.50523778143118,0.00960125028427392
21,980.026556344181,0,3.7709304456613,9.45388620468458,1.58863894070165,0,5.15977009019079,0.000217974580470113,0,9.93569719681691e-09,0,0,9.80958624199531e-09,3.65816606806445,7.33333333333333,0,0,1.58863894070165,0.468205874387618,9.9734436558188,0.0100741855109281
22,979.55384922473,0,3.82464529337252,9.55131772116335,1.64726350876743,0,5.42268735555713,0.000236896409726427,0,9.93251373004460e-09,0,0,9.80494762228374e-09,3.71556514277648,7.66666666666667,0,0,1.64726350876743,0.472707119451367,10.4461507752702,0.0105516674497678
23,979.076500753356,0,3.8770331765942,9.65140355689532,1.70548575467112,0,5.68932024198405,0.000256516499637662,0,9.92929812249195e-09,0,0,9.80026556353981e-09,3.77093044575584,8,0,0,1.70548575467112,0.47734847137418,10.9234992466443,0.0110338376228731
24,978.59438532367,0,3.92836714221407,9.75390598841389,1.76334234719409,0,5.95972236844992,0.000276830058258295,0,9.92604937496771e-09,0,0,9.79553849234525e-09,3.82464529346803,8.33333333333333,0,0,1.76334234719409,0.482115429685896,11.4056146763302,0.0115208229053841
25,978.107389525954,0,3.97887770190644,9.85862571662768,1.82086665586509,0,6.23394256691678,0.000297832730394292,0,9.9227665846422e-09,0,0,9.79076500763146e-09,3.87703317669071,8.66666666666667,0,0,1.82086665586509,0.486995797716161,11.8926104740464,0.0120127378525721
26,977.615410206362,0,4.02875949906444,9.96539583373425,1.87808922163864,0,6.51202571864279,0.000319520558306643,0,9.91944892954407e-09,0,0,9.78594385333456e-09,3.92836714231161,9,0,0,1.87808922163864,0.491979319592047,12.3845897936384,0.0125096866602409
27,977.118352832083,0,4.07817692900277,10.074076736111,1.93503815479903,0,6.79401345805644,0.000341889948021007,0,9.91609565549076e-09,0,0,9.78107389535735e-09,3.97887770200503,9.33333333333333,0,0,1.93503815479903,0.49705737427882,12.8816471679173,0.013011764816078
28,976.616130114394,0,4.12726887680198,10.1845518347039,1.99173947147654,0,7.07994476498286,0.000364937640376697,0,9.91270606507109e-09,0,0,9.77615410216138e-09,4.0287594991641,9.66666666666667,0,0,1.99173947147654,0.502222717688407,13.3838698856057,0.0135190604905108
29,976.1086608491,0,4.17615271133998,10.2967239377487,2.04821737837565,0,7.36985646274907,0.000388660686083795,0,9.90927950835810e-09,0,0,9.77118352841854e-09,4.07817692910351,10,0,0,2.04821737837565,0.507469265293774,13.8913391508995,0.0140316557079792
30,975.595868940222,0,4.22492765229131,10.4105122003097,2.10449451380973,0,7.6637836369425,0.000413056424171597,0,9.90581537508095e-09,0,0,9.7661613012416e-09,4.12726887690383,10.3333333333333,0,0,2.10449451380973,0.512791908877996,14.4041310597774,0.0145496273331085
31,975.077682578173,0,4.27367760853086,10.5258495516876,2.16059215186672,0,7.96175998727868,0.000438122463307948,0,9.90231308802726e-09,0,0,9.76108660858862e-09,4.17615271144295,10.6666666666667,0,0,2.16059215186672,0.518186362049691,14.9223174218271,0.0150730479008355
32,974.554033548171,0,4.32247357091764,10.6426805257073,2.21653037546038,0,8.26381812307759,0.000463856665550339,0,9.8987720974829e-09,0,0,9.75595868949978e-09,4.22492765239541,11,0,0,2.21653037546038,0.523649030001327,15.4459664518285,0.0156019863149782
33,974.024856648473,0,4.37137562940317,10.7609594306718,2.27232822311928,0,8.56998981120063,0.000490257132158172,0,9.89519187654692e-09,0,0,9.75077682587923e-09,4.27367760863611,11.3333333333333,0,0,2.27232822311928,0.529176899698602,15.9751433515271,0.0161365084358859
34,973.490089201184,0,4.42043467342494,10.8806488056847,2.32800381360511,0,8.88030618390994,0.000517322191153375,0,9.89157191718439e-09,0,0,9.74554033557917e-09,4.32247357102407,11.6666666666667,0,0,2.32800381360511,0.534767447288783,16.5099107988158,0.0166766775745615
35,972.949670641163,0,4.46969382528767,11.0017181184116,2.38357445181064,0,9.19479791294065,0.000545050386365327,0,9.88791172690181e-09,0,0,9.74024856658213e-09,4.37137562951078,12,0,0,2.38357445181064,0.540418560021058,17.0503293588369,0.0172225549079161
36,972.403542170765,0,4.51918964843121,11.1241426664,2.43905671884682,0,9.5134953550888,0.000573440467737092,0,9.88421082594746e-09,0,0,9.73490089210919e-09,4.42043467353374,12.3333333333333,0,0,2.43905671884682,0.546128470397727,17.5964578292346,0.0177741998275097
37,971.851646470132,0,4.56895316590588,11.2479026500217,2.49446654877292,0,9.83642867378515,0.000602491382704657,0,9.88046874495477e-09,0,0,9.72949670650892e-09,4.46969382539768,12.6666666666667,0,0,2.49446654877292,0.551895700633691,18.1483535298683,0.0183316702321902
38,971.293927454328,0,4.61901071883149,11.3729823901102,2.54981929403902,0,10.1636279404231,0.000632202268490085,0,9.87668502295936e-09,0,0,9.72403542180489e-09,4.51918964854245,13,0,0,2.54981929403902,0.557719015804046,18.7060725456724,0.0188950227734064
39,970.730330070013,0,4.66938468994223,11.4993696675957,2.60512978138634,0,10.4951232186171,0.00066257244517413,0,9.87285920573142e-09,0,0,9.7185164647985e-09,4.56895316601836,13.3333333333333,0,0,2.60512978138634,0.563597384314238,19.2696699299866,0.0194643130605925
40,970.160800125471,0,4.72009411337949,11.6270551659931,2.66041235967746,0,10.8309446340691,0.000693601409434669,0,9.8689908443742e-09,0,0,9.7129392746404e-09,4.61901071894522,13.6666666666667,0,0,2.66041235967746,0.569529944541952,19.8391998745286,0.0200395958328571
41,969.58528414879,0,4.77115518857364,11.7560320006092,2.7156809408983,0,11.1711224322994,0.000725288828854825,0,9.86507949414709e-09,0,0,9.7073033007972e-09,4.66938469005722,14,0,0,2.7156809408983,0.575515976680756,20.4147158512093,0.0206209251022316
42,969.003729269823,0,4.82258171325568,11.8862953208608,2.77094903537935,0,11.5156870261448,0.000757634536719451,0,9.86112471347834e-09,0,0,9.70160800135173e-09,4.72009411349576,14.3333333333333,0,0,2.77094903537935,0.581554878968005,20.9962707301773,0.0212083542729064
43,968.416083122215,0,4.8743854482797,12.0178419742318,2.82622978211988,0,11.8646690346267,0.000790638527231128,0,9.85712606313796e-09,0,0,9.69585284158486e-09,4.7711551886912,14.6666666666667,0,0,2.82622978211988,0.587646147607987,21.5839168777853,0.0218019362401872
44,967.822293762405,0,4.92657642494707,12.150670222196,2.88153597496084,0,12.2180993145398,0.00082430095108734,0,9.85308310554579e-09,0,0,9.69003729279513e-09,4.82258171337454,15,0,0,2.88153597496084,0.593789359809556,22.1777062375949,0.022401723472318
45,967.222309602956,0,4.97916320384619,12.2847794999499,2.93688008523547,0,12.5760089859007,0.000858622111369396,0,9.84899540419397e-09,0,0,9.68416083131899e-09,4.87438544839988,15.3333333333333,0,0,2.93688008523547,0.599984159448792,22.7776903970437,0.0230077680778219
46,966.616079358012,0,5.03215309280739,12.4201702130774,2.99227428142864,0,12.9384294522146,0.000893602459701127,0,9.84486252316597e-09,0,0,9.67822293772083e-09,4.92657642506857,15.6666666666667,0,0,2.99227428142864,0.606230244944113,23.3839206419878,0.0236201218605937
47,966.003551999016,0,5.08555233038047,12.5568435653481,3.04773044629308,0,13.3053924163695,0.000929242592641748,0,9.84068402673738e-09,0,0,9.67222309612628e-09,4.97916320396903,16,0,0,3.04773044629308,0.612527358996124,23.9964480009839,0.0242388363646302
48,965.384676719117,0,5.13936624023729,12.6948014127595,3.10326019180068,0,13.6769298928372,0.000965543248282581,0,9.83645947904581e-09,0,0,9.66616079367678e-09,5.03215309293159,16.3333333333333,0,0,3.10326019180068,0.618875279899097,24.615323280883,0.0248639629099828
49,964.75940290494,0,5.19359936105465,12.8340461396988,3.15887487224823,0,14.0530742167553,0.00100250530302186,0,9.83218844381946e-09,0,0,9.66003552008676e-09,5.08555233050604,16.6666666666667,0,0,3.15887487224823,0.625273814177053,25.24059709506,0.0254955526212728
50,964.127680114604,0,5.24825555571815,12.9745805537492,3.21458559578738,0,14.4338580503731,0.00104012976849565,0,9.82787048415521e-09,0,0,9.65384676728771e-09,5.13936624036424,17,0,0,3.21458559578738,0.63172279033624,25.8723198853963,0.0261336564498952
51,963.489458061045,0,5.30333810308572,13.1164077962071,3.27040323460647,0,14.8193143872668,0.00107841778864605,0,9.82350516233895e-09,0,0,9.64759402914588e-09,5.19359936118299,17.3333333333333,0,0,3.27040323460647,0.638222053558481,26.5105419389548,0.0267783251908634
52,962.844686599858,0,5.35884977504149,13.25953126584,3.32633843395676,0,15.2094765546671,0.00111737063691074,0,9.81909203970157e-09,0,0,9.64127680124245e-09,5.24825555584789,17.6666666666667,0,0,3.32633843395676,0.644771461187513,27.1553134001423,0.0274296094950932
53,962.193315720974,0,5.41479290114271,13.4039545537979,3.38240162018567,0,15.6043782141861,0.00115698971351996,0,9.81463067650554e-09,0,0,9.6348945807068e-09,5.30333810321689,18,0,0,3.38240162018567,0.651370878883607,27.8066842790259,0.0280875598778039
54,961.535295543633,0,5.47116942280161,13.5496813879226,3.43860300791445,0,16.0040533611857,0.00119727654288923,0,9.81012063185725e-09,0,0,9.62844686609486e-09,5.35884977517408,18.3333333333333,0,0,3.43860300791445,0.658020177341429,28.4647044563673,0.0287522267236033
55,960.87057631415,0,5.52798093863955,13.6967155849713,3.4949526064766,0,16.4085363229913,0.00123823277109756,0,9.80556146364162e-09,0,0,9.62193315730596e-09,5.41479290127675,18.6666666666667,0,0,3.4949526064766,0.664719229482564,29.1294236858499,0.0294236602887373
56,960.199108406102,0,5.58522874239435,13.8450610095036,3.55146022571547,0,16.8178617561211,0.00127986016344226,0,9.80095272847562e-09,0,0,9.61535295553248e-09,5.47116942293711,19,0,0,3.55146022571547,0.671467908048078,29.800891593898,0.030101910700907
57,959.520842322574,0,5.64291385454543,13.9947215383806,3.60813548122414,0,17.2320646426739,0.00132216060206294,0,9.79629398167796e-09,0,0,9.60870576323759e-09,5.52798093877652,19.3333333333333,0,0,3.60813548122414,0.678266083528237,30.4791576774262,0.0307870279569962
58,958.835728700197,0,5.70103704863898,14.1457010299838,3.66498779909826,0,17.6511802859978,0.00136513608362782,0,9.79158477725291e-09,0,0,9.60199108415704e-09,5.5852287425328,19.6666666666667,0,0,3.66498779909826,0.68511362237637,31.1642712998026,0.0314790619189925
59,958.143718314735,0,5.75959887314132,14.2980032974069,3.72202642026163,0,18.0752443057379,0.00140878871707667,0,9.78682466788607e-09,0,0,9.59520842332169e-09,5.64291385468538,20,0,0,3.72202642026163,0.692010385462229,31.8562816852648,0.0321780623083483
60,957.444762088008,0,5.81859966951952,14.451632084987,3.77926040441508,0,18.504292632349,0.00145312072141529,0,9.78201320495065e-09,0,0,9.58835728709786e-09,5.70103704878044,20.3333333333333,0,0,3.77926040441508,0.698956226727232,32.555237911992,0.0328840786989818
61,956.738811095998,0,5.87803958713834,14.6065910476438,3.8366986336519,0,18.9383615011443,0.00149813442355701,0,9.77714993852291e-09,0,0,9.58143718324317e-09,5.7595988732843,20.6666666666667,0,0,3.8366986336519,0.705950992009886,33.2611889040019,0.0335971605090928
62,956.025816577983,0,5.93791859547101,14.762883732576,3.89434981577628,0,19.3774874459371,0.00154383225620729,0,9.77223441740552e-09,0,0,9.57444762097582e-09,5.81859966966403,21,0,0,3.89434981577628,0.712994518014701,33.9741834220166,0.034317356991936
63,955.305729946581,0,5.99823649404303,14.9205135629376,3.95222248735594,0,19.8217072923264,0.00159021675578775,0,9.76726618915797e-09,0,0,9.56738811105565e-09,5.87803958728441,21.3333333333333,0,0,3.95222248735594,0.720086631402133,34.6942700534187,0.0350447172256755
64,954.5785027986,0,6.0589929204633,15.0794838231735,4.01032501653541,0,20.2710581506667,0.00163729056039667,0,9.76224480013324e-09,0,0,9.56025816587543e-09,5.93791859561864,21.6666666666667,0,0,4.01032501653541,0.727227147980608,35.4214972013994,0.0357792901024236
65,953.844086926616,0,6.12018735684099,15.2397976457474,4.06866560563281,0,20.725577408755,0.00168505640780294,0,9.75716979551994e-09,0,0,9.55305729956134e-09,5.99823649419223,22,0,0,4.06866560563281,0.734415871984727,36.1559130733841,0.0365211243165496
66,953.102434331189,0,6.18181913484046,15.4014579990331,4.12725229353916,0,21.1853027242641,0.00173351713347093,0,9.75204071938956e-09,0,0,9.54578502808146e-09,6.05899292061409,22.3333333333333,0,0,4.12725229353916,0.741652595426241,36.8975656688103,0.0372702683523337
67,952.353497233683,0,6.24388743958694,15.5644676761798,4.18609295793709,0,21.6502720169444,0.00178267566861397,0,9.7468571147481e-09,0,0,9.53844086936154e-09,6.12018735699339,22.6666666666667,0,0,4.18609295793709,0.748937097506532,37.6465027663168,0.0380267704710271
68,951.597228089602,0,6.30639131260287,15.7288292847899,4.24519531735308,0,22.1205234606138,0.00183253503827424,0,9.74161852359191e-09,0,0,9.5310243434072e-09,6.18181913499447,23,0,0,4.24519531735308,0.756269144081145,38.402771910398,0.0387906786973717
69,950.833579602433,0,6.3693296539265,15.8945452372745,4.30456693305539,0,22.5960954749506,0.00188309835942711,0,9.73632448696731e-09,0,0,9.52353497243206e-09,6.24388743974258,23.3333333333333,0,0,4.30456693305539,0.7636484871684,39.1664203975664,0.0395620408056226
70,950.062504737938,0,6.43270122354121,16.0616177417717,4.36421521080848,0,23.0770267171013,0.00193436883910809,0,9.73097454503365e-09,0,0,9.51597228099118e-09,6.30639131276016,23.6666666666667,0,0,4.36421521080848,0.771074864495433,39.9374952620618,0.040340904305113
71,949.283956738862,0,6.49650464222381,16.2300487935335,4.42414740249291,0,23.5633560731151,0.00198634977256063,0,9.72556823712976e-09,0,0,9.50833579611942e-09,6.36932965408545,24,0,0,4.42414740249291,0.778547999076068,40.7160432611379,0.0411273164253918
72,948.497889140046,0,6.56073839190366,16.3998401666989,4.48437060759872,0,24.055122649211,0.0020390445414033,0,9.72010510184339e-09,0,0,9.50062504747439e-09,6.43270122370183,24.3333333333333,0,0,4.48437060759872,0.78606759881583,41.5021108599537,0.0419213241009634
73,947.704255783906,0,6.62540081561013,16.5709934063878,4.54489177459942,0,24.5523657628847,0.00209245661181468,0,9.71458467708363e-09,0,0,9.49283956748355e-09,6.49650464238611,24.6666666666667,0,0,4.54489177459942,0.793633356140208,42.2957442160939,0.0427229739556504
74,946.903010836263,0,6.69049011707413,16.7435098210569,4.6057177022124,0,25.0551249338606,0.00214658953273466,0,9.70900650015613e-09,0,0,9.48497889149531e-09,6.56073839206766,25,0,0,4.6057177022124,0.801244947642897,43.0969891637368,0.0435323122866029
75,946.094108802512,0,6.7560043600394,16.9173904750723,4.66685504055148,0,25.5634398748908,0.00220144693408072,0,9.70337010784097e-09,0,0,9.47704255793383e-09,6.62540081577584,25.3333333333333,0,0,4.66685504055148,0.808902033751293,43.9058911974881,0.0443493850479678
76,945.277504544105,0,6.82194146733094,17.0926361814574,4.72831029217608,0,26.0773504824057,0.00225703252497797,0,9.69767503647321e-09,0,0,9.46903010845732e-09,6.69049011724156,25.6666666666667,0,0,4.72831029217608,0.816604258407022,44.7224954558951,0.0451742378342375
77,944.453153295345,0,6.88829921972044,17.2692474947848,4.79008981304151,0,26.596896827016,0.00231335009200167,0,9.69192082202585e-09,0,0,9.46094108811973e-09,6.75600436020858,26,0,0,4.79008981304151,0.82435124875961,45.5468467046548,0.0460069158632876
78,943.621010680473,0,6.9550752546233,17.4472247041828,4.85219981335398,0,27.122119143869,0.00237040349743107,0,9.68610700019536e-09,0,0,9.45277504553557e-09,6.82194146750186,26.3333333333333,0,0,4.85219981335398,0.832142614871797,46.3789893195266,0.0468474639591177
79,942.781032731038,0,7.02226706465593,17.6265678264363,4.914646358334,0,27.653057822858,0.00242819667751342,0,9.68023310648960e-09,0,0,9.4445315330479e-09,6.88829921989313,26.6666666666667,0,0,4.914646358334,0.839977949435219,47.2189672689618,0.0476959265343048
80,941.933175903543,0,7.08987199607852,17.807276599161,4.97743536889109,0,28.1897533986858,0.0024867336407371,0,9.67429867631804e-09,0,0,9.43621010689909e-09,6.95507525479777,27,0,0,4.97743536889109,0.847856827495475,48.0668240964572,0.048552347572179
81,941.077397097357,0,7.15788724714443,17.9893504740373,5.04057262221281,0,28.7322465407823,0.00254601846611278,0,9.6683032450845e-09,0,0,9.42781032740466e-09,7.0222670648322,27.3333333333333,0,0,5.04057262221281,0.855778806185744,48.922602902643,0.0494167706087303
82,940.213653672888,0,7.22630986637448,18.1727886100906,5.10406375227073,0,29.280578043074,0.00260605530146156,0,9.66224634828201e-09,0,0,9.41933175912962e-09,7.0898719962566,27.6666666666667,0,0,5.10406375227073,0.863743424468322,49.7863463271113,0.0502892387142539
83,939.341903470005,0,7.29513675077202,18.357589867009,5.16791425024578,0,29.8347888136064,0.00266684836170919,0,9.65612752159010e-09,0,0,9.41077397106768e-09,7.15788724732433,28,0,0,5.16791425024578,0.871750202883589,50.6580965299949,0.0511697944747423
84,938.462104826699,0,7.36436464399225,18.543752798489,5.23212946487522,0,30.3949198640172,0.00272840192718533,0,9.64994630097436e-09,0,0,9.4021365368229e-09,7.22630986655621,28.3333333333333,0,0,5.23212946487522,0.879798643306014,51.5378951733009,0.0520584799730312
85,937.574216597992,0,7.43399013447783,18.7312756456053,5.29671460272354,0,30.9610122988592,0.00279072034192693,0,9.64370222278824e-09,0,0,9.39341903479398e-09,7.29513675095559,28.6666666666667,0,0,5.29671460272354,0.887888228706937,52.4257834020079,0.0529553367697049
86,936.678198175068,0,7.50400965357091,18.9201563301979,5.36167472837917,0,31.5331073047718,0.00285380801198486,0,9.63739482387713e-09,0,0,9.38462104836084e-09,7.36436464417769,29,0,0,5.36167472837917,0.89601842292395,53.3218018249318,0.0538604058837695
87,935.774009504631,0,7.57441947361089,19.110392448275,5.42701476457905,0,32.1112461394998,0.00291766940373287,0,9.63102364168468e-09,0,0,9.37574216607368e-09,7.43399013466514,29.3333333333333,0,0,5.42701476457905,0.904188670436753,54.2259904953686,0.0547737277730996
88,934.861611108482,0,7.6452157060258,19.3019812634288,5.49273949226296,0,32.6954701207583,0.00298230904217803,0,9.62458821436142e-09,0,0,9.36678198184435e-09,7.50400965376011,29.6666666666667,0,0,5.49273949226296,0.912398396149455,55.138388891518,0.0556953423146647
89,933.940964103303,0,7.71639429942448,19.4949197002628,5.55885355055928,0,33.2858206149414,0.00304773150927185,0,9.61808808087555e-09,0,0,9.35774009513989e-09,7.57441947380199,30,0,0,5.55885355055928,0.920647005179323,56.0590358966973,0.0566252887845428
90,933.012030220651,0,7.78795103769602,19.6892043378317,5.62536143670414,0,33.8823390256753,0.00311394144222117,0,9.61152278112601e-09,0,0,9.3486161111783e-09,7.64521570621882,30.3333333333333,0,0,5.62536143670414,0.928933882652038,56.9879697793494,0.0575636058377266
91,932.074771827147,0,7.85988153812223,19.8848314030916,5.6922675058954,0,34.4850667822118,0.00318094353179816,0,9.60489185605783e-09,0,0,9.33940964112642e-09,7.71639429961943,30.6666666666667,0,0,5.6922675058954,0.937258393503549,57.9252281728529,0.0585103314877302
92,931.129151944858,0,7.93218124950843,20.0817967643651,5.75957597108344,0,35.0940453276639,0.00324874252064848,0,9.59819484777959e-09,0,0,9.33012030229981e-09,7.78795103789291,31,0,0,5.75957597108344,0.945619882288668,58.8708480551416,0.0594655030860016
93,930.175134271862,0,8.00484545033737,20.2800959248196,5.82729090270015,0,35.7093161070793,0.00331734320159709,0,9.59143129968323e-09,0,0,9.32074771836468e-09,7.85988153832108,31.3333333333333,0,0,5.82729090270015,0.954017672996545,59.8248657281381,0.0604291573011496
94,929.212683202988,0,8.07786924695089,20.479724015963,5.89541622832783,0,36.3309205553536,0.0033867504159507,0,9.58460075656603e-09,0,0,9.31129151954170e-09,7.93218124970925,31.6666666666667,0,0,5.89541622832783,0.96245106887323,60.7873167970114,0.0614013300979913
95,928.241763850737,0,8.15124757176342,20.6806757911584,5.96395573230965,0,36.9589000849796,0.00345696905179633,0,9.5777027647548e-09,0,0,9.30175134281163e-09,8.00484545054017,32,0,0,5.96395573230965,0.970919352251513,61.7582361492629,0.0623820567164272
96,927.262342066349,0,8.2249751815113,20.8829456191607,6.03291305530319,0,37.5932960736336,0.00352800404229527,0,9.57073687223229e-09,0,0,9.2921268321228e-09,8.07786924715569,32.3333333333333,0,0,6.03291305530319,0.979421784388268,62.7376579336511,0.0633713716501527
97,926.274384461039,0,8.29904665554182,21.0865274776792,6.10229169377866,0,38.234149851597,0.00359986036397162,0,9.56370262876584e-09,0,0,9.28241763860019e-09,8.15124757197022,32.6666666666667,0,0,6.10229169377866,0.987957605309548,63.7256155389607,0.0643693086252128
98,925.277858427376,0,8.37345639414529,21.291414946968,6.17209499946337,0,38.8815026890127,0.00367254303499497,0,9.55659958603817e-09,0,0,9.27262342075621e-09,8.22497518172013,33,0,0,6.17209499946337,0.996526033663676,64.7221415726244,0.0653759005784084
99,924.272732160793,0,8.44819861693398,21.49760120345,6.24232617873409,0,39.5353957829753,0.00374605711345639,0,9.54942729778038e-09,0,0,9.26274384470302e-09,8.29904665575268,33.3333333333333,0,0,6.24232617873409,1.00512626658261,65.727267839207,0.0663911796355626
100,923.258974681241,0,8.52326736127092,21.7050790133775,6.31298829195875,0,40.1958702444559,0.00382040769563717,0,9.54218531990719e-09,0,0,9.25277858436628e-09,8.37345639435821,33.6666666666667,0,0,6.31298829195875,1.01375747955183,66.7410253187588,0.0674151770896554
101,922.236555854952,0,8.59865648075214,21.9138407265331,6.38408425278917,0,40.8629670850591,0.0038955999142698,0,9.53487321065424e-09,0,0,9.24272732170036e-09,8.44819861714896,34,0,0,6.38408425278917,1.02241882628909,67.7634441450479,0.0684479233788363
102,921.20544641632,0,8.67435964374525,22.1238782699772,6.45561682740636,0,41.5367272036144,0.00397163893679046,0,9.52749053071765e-09,0,0,9.23258974690474e-09,8.52326736148798,34.3333333333333,0,0,6.45561682740636,1.03110943863224,68.7945535836801,0.0694894480643234
103,920.165617989883,0,8.7503703319878,22.3351831418454,6.52758863372,0,42.2171913725998,0.0040485299635825,0,9.52003684339562e-09,0,0,9.22236555864175e-09,8.59865648097128,34.6666666666667,0,0,6.52758863372,1.03982842643646,69.8343820101166,0.0705397798081986
104,919.117043112402,0,8.82668183924822,22.5477464052008,6.60000214052369,0,42.9044002243989,0.00412627822621048,0,9.51251171473229e-09,0,0,9.21205446425532e-09,8.67435964396649,35,0,0,6.60000214052369,1.0485748774813,70.8829568875979,0.071598946351109
105,918.059695255015,0,8.90328727005266,22.7615586819471,6.67285966660758,0,43.5983942373924,0.00420488898564405,0,9.50491471366356e-09,0,0,9.20165617999085e-09,8.75037033221115,35.3333333333333,0,0,6.67285966660758,1.05734785738757,71.9403047449855,0.0726669744898843
106,916.99354884547,0,8.98017953848047,22.9766101468074,6.74616337983006,0,44.2992137218818,0.00428436753047132,0,9.49724541216512e-09,0,0,9.19117043121593e-09,8.8266818394737,35.6666666666667,0,0,6.74616337983006,1.06614640954477,73.0064511545302,0.073743890055081
107,915.918579290421,0,9.0573513670316,23.192890521373,6.81991529615009,0,45.0068988058493,0.00436471917510113,0,9.48950338540247e-09,0,0,9.18059695264195e-09,8.90328727028028,36,0,0,6.81991529615009,1.07496955504897,74.0814207095792,0.0748297178884638
108,914.834762997769,0,9.13479528556873,23.41038906823,6.89411727862189,0,45.7214894205523,0.00444594925795387,0,9.48168821188307e-09,0,0,9.1699354885464e-09,8.98017953871024,36.3333333333333,0,0,6.89411727862189,1.08381629265175,75.165237002231,0.0759244818204353
109,913.742077399049,0,9.21250363033704,23.6290945851675,6.9687710363536,0,46.4430252859535,0.00452806313964021,0,9.47379947361042e-09,0,0,9.1591857929958e-09,9.05735136726353,36.6666666666667,0,0,6.9687710363536,1.0926855987204,76.2579226009513,0.0770282046474256
110,912.640500971839,0,9.29046854306482,23.8489953994736,7.04387812343166,0,47.1715458959897,0.00461106620112755,0,9.46583675624019e-09,0,0,9.14834763006917e-09,9.13479528580283,37,0,0,7.04387812343166,1.10157642720967,77.359499028161,0.0781409081092536
111,911.530013262193,0,9.3686819701475,24.0700793623264,7.11943993781266,0,47.9070905036779,0.00469496384189354,0,9.45779964923835e-09,0,0,9.13742077408186e-09,9.21250363057333,37.3333333333333,0,0,7.11943993781266,1.11048770964544,78.4699867378065,0.0792626128664712
112,910.410594907073,0,9.44713566191836,24.292333843284,7.19545772018428,0,48.6496981060622,0.00477976147806654,0,9.44968774604117e-09,0,0,9.12640500980965e-09,9.29046854330331,37.6666666666667,0,0,7.19545772018428,1.11941835512058,79.5894050929271,0.0803933384777041
113,909.282227656769,0,9.52582117200855,24.5157457248821,7.27193255279717,0,49.3994074290019,0.00486546454055236,0,9.44150064421717e-09,0,0,9.11530013271309e-09,9.3686819703882,38,0,0,7.27193255279717,1.12836725030334,80.7177723432304,0.0815331033770004
114,908.144894397311,0,9.60472985679949,24.7403013973428,7.34886535826957,0,50.1562569118038,0.0049520784731472,0,9.43323794563093e-09,0,0,9.10410594916177e-09,9.44713566216129,38.3333333333333,0,0,7.34886535826957,1.13733325945856,81.8551056026889,0.0826819248512009
115,906.998579172829,0,9.68385287497045,24.9659867534041,7.4262568983663,0,50.9202846916994,0.00503960873063629,0,9.42489925660878e-09,0,0,9.09282227665862e-09,9.52582117225371,38.6666666666667,0,0,7.4262568983663,1.14631522448202,83.001420827171,0.0838398190173444
116,905.843267207881,0,9.76318118714418,25.1927871832737,7.50410777275424,0,51.6915285881701,0.00512806077687806,0,9.4164841881062e-09,0,0,9.08144894406392e-09,9.60472985704689,39,0,0,7.50410777275424,1.15531196494823,84.1567327921192,0.0850068008001204
117,904.678944929709,0,9.84270555563341,25.4206875697158,7.5824184177358,0,52.4700260871231,0.00521744008287337,0,9.40799235587707e-09,0,0,9.06998579181899e-09,9.68385287522011,39.3333333333333,0,0,7.5824184177358,1.16432227817191,85.3210550702911,0.0861828839093849
118,903.505599990425,0,9.92241654429106,25.6496722832766,7.66118910496255,0,53.2558143249196,0.00530775212481977,0,9.39942338064458e-09,0,0,9.05843267216939e-09,9.76318118739611,39.6666666666667,0,0,7.66118910496255,1.17334493928358,86.4944000095747,0.0873680808177522
119,902.323221289106,0,10.002304518467,25.8797251776555,7.7404199401307,0,54.0489300722586,0.00539900238215037,0,9.39077688827384e-09,0,0,9.04678944938756e-09,9.84270555588762,40,0,0,7.7404199401307,1.18237870131937,87.6767787108941,0.0885624027382768
120,901.13179899378,0,10.0823596450739,26.1108295852293,7.82011086166046,0,54.8494097179202,0.0054911963355572,0,9.3820525099461e-09,0,0,9.0350559999946e-09,9.92241654454756,40.3333333333333,0,0,7.82011086166046,1.19142229532545,88.8682010062195,0.0897658596022419
121,899.931324563303,0,10.1625718927653,26.3429683127354,7.90026163936117,0,55.6572892523699,0.00558433946499883,0,9.37324988233457e-09,0,0,9.02323221298129e-09,10.0023045187258,40.6666666666667,0,0,7.90026163936117,1.20047443047743,90.0686754366969,0.0909784600370676
122,898.721790769088,0,10.2429310322284,26.576123637122,7.98087187308419,0,56.4726042512294,0.0056784372476921,0,9.36436864778168e-09,0,0,9.01131799002792e-09,10.082359645335,41,0,0,7.98087187308419,1.20953379421475,91.2782092309117,0.0922002113443552
123,897.503191716698,0,10.3234266365936,26.8102773015718,8.06194099136551,0,57.2953898586152,0.00577349515608777,0,9.35540845447794e-09,0,0,8.99931324572302e-09,10.1625718930288,41.3333333333333,0,0,8.06194099136551,1.21859905239056,92.4968082833022,0.0934311194780831
124,896.27552286726,0,10.4040480819649,27.0454105117067,8.14346825006018,0,58.1256807703518,0.00586951865583009,0,9.34636895664209e-09,0,0,8.98721790778075e-09,10.2429310324941,41.6666666666667,0,0,8.14346825006018,1.22766884943726,93.7244771327395,0.0946711890229692
125,895.038781058712,0,10.4847845480723,27.2815039319803,8.22545273097047,0,58.9635112170606,0.00596651320369998,0,9.33724981470269e-09,0,0,8.97503191725673e-09,10.3234266368617,42,0,0,8.22545273097047,1.23674180854794,94.9612189412874,0.0959204231730176
126,893.792964526839,0,10.5656250190492,27.5185376822657,8.30789334046994,0,59.8089149471308,0.00606448424554198,0,9.32805069548093e-09,0,0,8.96275522876223e-09,10.4040480822353,42.3333333333333,0,0,8.30789334046994,1.24581653187388,96.2070354731613,0.097178823710264
127,892.5380729261,0,10.6465582843379,27.7564913346453,8.39078880812548,0,60.6619252095769,0.00616343721417475,0,9.31877127237472e-09,0,0,8.95038781067663e-09,10.4847845483451,42.6666666666667,0,0,8.39078880812548,1.25489160073856,97.4619270738999,0.0984463909837373
128,891.274107350232,0,10.727572939724,27.9953439104115,8.47413768531937,0,61.5225747367858,0.00626337752728518,0,9.30941122554393e-09,0,0,8.93792964535777e-09,10.5656250193244,43,0,0,8.47413768531937,1.26396557586808,98.725892649768,0.0997231238886545
129,890.001070352594,0,10.8086573885043,28.2350738772829,8.55793834387359,0,62.3908957271603,0.00636431058530609,0,9.29997024209667e-09,0,0,8.92538072935025e-09,10.6465582846154,43.3333333333333,0,0,8.55793834387359,1.27303699763851,99.9989296474065,0.101009019845865
130,888.718965966253,0,10.8897998427883,28.4756591468463,8.64218897467851,0,63.266919827664,0.00646624176927752,0,9.29044801627671e-09,0,0,8.91274107359145e-09,10.7275729400039,43.6666666666667,0,0,8.64218897467851,1.28210438634012,101.281034033747,0.102304074781562
131,887.427799723795,0,10.9709883249373,28.7170770722294,8.72688758632811,0,64.1506781162718,0.00656917643869173,0,9.28084424965169e-09,0,0,8.90001070361494e-09,10.8086573887866,44,0,0,8.72688758632811,1.29116624245881,102.572200276205,0.103608283107278
132,886.12757867682,0,11.0522106691414,28.9593044460128,8.81203200376398,0,65.0422010843327,0.0066731199293219,0,9.27115865130233e-09,0,0,8.88718965975141e-09,10.8897998430731,44.3333333333333,0,0,8.81203200376398,1.30022104697485,103.87242132318,0.104921637700182
133,884.818311415141,0,11.1334545231381,29.2023174983886,8.89761986693033,0,65.9415186188511,0.00677807755103471,0,9.26139093801235e-09,0,0,8.87427799732669e-09,10.9709883252245,44.6666666666667,0,0,8.89761986693033,1.30926726167909,105.181688584859,0.106244129883696
134,883.500008085634,0,11.214707350074,29.4460918955722,8.98364862944222,0,66.8486599846921,0.00688405458558687,0,9.25154083445919e-09,0,0,8.86127578685681e-09,11.052210669431,45,0,0,8.98364862944222,1.31830332950679,106.499991914366,0.107575749408451
135,882.172680410745,0,11.2959564305105,29.6906027384747,9.07011555726932,0,67.7636538067162,0.00699105628440583,0,9.24160807340522e-09,0,0,8.84818311423989e-09,11.1334545234301,45.3333333333333,0,0,9.07011555726932,1.3273276748892,107.827319589255,0.108916484433591
136,880.836341706622,0,11.3771888645768,29.9358245616446,9.15701772743751,0,68.686528051853,0.00709908786635478,0,9.23159239588962e-09,0,0,8.83500008094469e-09,11.2147073503684,45.6666666666667,0,0,9.15701772743751,1.336338704123,109.163658293378,0.110266321508463
137,879.491006900864,0,11.4583915742704,30.1817313324827,9.24435202675052,0,69.6173100111169,0.00720815451548217,0,9.22149355142065e-09,0,0,8.82172680419567e-09,11.2959564308074,46,0,0,9.24435202675052,1.34533480575767,110.508993099136,0.111625245554683
138,878.136692549863,0,11.5395513059078,30.4282964507412,9.33211515053417,0,70.5560262815748,0.00731826137875607,0,9.21131129816829e-09,0,0,8.8083634171543e-09,11.3771888648762,46.3333333333333,0,0,9.33211515053417,1.35431435100084,111.863307450137,0.112993239848623
139,876.773416855721,0,11.6206546327266,30.6754927483112,9.42030360140521,0,71.5027027482718,0.00742941356378352,0,9.20104540315713e-09,0,0,8.79491006909659e-09,11.4583915745722,46.6666666666667,0,0,9.42030360140521,1.36327569414187,113.226583144279,0.114370286004322
140,875.401199682728,0,11.7016879576392,30.9232924893065,9.5089136880675,0,72.4573645661222,0.00754161613651518,0,9.1906956424595e-09,0,0,8.78136692558645e-09,11.5395513062121,47,0,0,9.5089136880675,1.37221717299335,114.598800317272,0.11575636395684
141,874.020062573377,0,11.7826375161414,31.171667370451,9.59794152413762,0,73.420036141774,0.00765487411893577,0,9.18026180138854e-09,0,0,8.76773416864489e-09,11.6206546330334,47.3333333333333,0,0,9.59794152413762,1.38113710935096,115.979937426623,0.117151451946084
142,872.630028763906,0,11.8634893793748,31.4205885217756,9.68738302700243,0,74.3907411154547,0.00776919248674036,0,9.16974367469139e-09,0,0,8.75401199691482e-09,11.7016879579485,47.6666666666667,0,0,9.68738302700243,1.39003380947133,117.369971236094,0.118555526501105
143,871.231123199338,0,11.9442294573457,31.6700265076321,9.77723391671099,0,75.3695023428065,0.00788457616699718,0,9.15914106674215e-09,0,0,8.74020062582117e-09,11.7826375164531,48,0,0,9.77723391671099,1.39890556456816,118.768876800663,0.119968562424912
144,869.823372548011,0,12.0248435023004,31.91995132803,9.86748971490314,0,76.3563418767194,0.00800103003579719,0,9.14845379173464e-09,0,0,8.72630028772632e-09,11.863489379689,48.3333333333333,0,0,9.86748971490314,1.40775065132638,120.176627451989,0.121390532779787
145,868.406805215577,0,12.105317112257,32.1703324203027,9.95814574377736,0,77.3512809491702,0.00811855891589084,0,9.13768167387479e-09,0,0,8.7123112320805e-09,11.9442294576624,48.6666666666667,0,0,9.95814574377736,1.41656733243446,121.593194784423,0.122821408873155
146,866.981451358442,0,12.1856357346964,32.4211386611101,10.0491971251001,0,78.3543399530769,0.00823716757431264,0,9.12682454757263e-09,0,0,8.69823372556709e-09,12.0248435026196,49,0,0,10.0491971251001,1.4253538571346,123.018548641558,0.124261160243998
147,865.547342896651,0,12.26578467041,32.6723383687824,10.1406387792593,0,79.3655384241771,0.00835686071999382,0,9.11588225763364e-09,0,0,8.68406805224261e-09,12.1053171125787,49.3333333333333,0,0,10.1406387792593,1.43410846179095,124.452657103349,0.125709754649847
148,864.104513526176,0,12.3457490775066,32.9238993060122,10.2324654243641,0,80.38489502294,0.00847764300136378,0,9.10485465944948e-09,0,0,8.66981451367112e-09,12.1856357350206,49.6666666666667,0,0,10.2324654243641,1.4428293704755,125.895486473824,0.127167158054368
149,862.652998730604,0,12.4255139755776,33.1757886829003,10.3246715753938,0,81.4124275165204,0.00859951900394083,0,9.09374161918788e-09,0,0,8.65547342905307e-09,12.2657846707367,50,0,0,10.3246715753938,1.45151479557176,127.347001269396,0.128633334615552
150,861.192835792208,0,12.5050642500203,33.4279731603601,10.4172515433979,0,82.4481527607655,0.00872249324791274,0,9.08254301398164e-09,0,0,8.64104513534817e-09,12.3457490778358,50.3333333333333,0,0,10.4172515433979,1.46016293839575,128.807164207792,0.130108246674537
151,859.724063802374,0,12.5843846565192,33.6804188538875,10.5101994347502,0,83.4920866822836,0.00884657018570781,0,9.0712587321166e-09,0,0,8.6265299873923e-09,12.4255139759094,50.6666666666667,0,0,10.5101994347502,1.46877198983451,130.275936197626,0.131591854745077
152,858.246723671372,0,12.6634598256853,33.9330913376996,10.6035091504589,0,84.5442442605845,0.008971754199557,0,9.0598886732184e-09,0,0,8.6119283580082e-09,12.5050642503546,51,0,0,10.6035091504589,1.47734013100154,131.753276328628,0.133084117503665
153,856.760858137463,0,12.7422742678518,34.1859556492486,10.6971743855352,0,85.6046395103025,0.00909804959904792,0,9.04843274843805e-09,0,0,8.59724063810971e-09,12.584384656856,51.3333333333333,0,0,10.6971743855352,1.48586553390929,133.239141862537,0.134584991780341
154,855.266511775304,0,12.8208123780264,34.4389762941148,10.7911886284237,0,86.6732854635117,0.00922546061867125,0,9.036890880636e-09,0,0,8.58246723679954e-09,12.6634598260246,51.6666666666667,0,0,10.7911886284237,1.49434636215813,134.733488224695,0.136094432550197
155,853.763731003663,0,12.8990584409986,34.6921172512839,10.8855451604957,0,87.7501941521435,0.00935399141536035,0,9.02526300456471e-09,0,0,8.5676085814603e-09,12.7422742681936,52,0,0,10.8855451604957,1.50278077164183,136.236268996337,0.137612392925593
156,852.252564092394,0,12.9769966366011,34.9453419788115,10.9802370556082,0,88.8353765905192,0.00948364606602492,0,9.01354906704959e-09,0,0,8.55266511783857e-09,12.8208123783708,52.3333333333333,0,0,10.9802370556082,1.51116691126901,137.747435907606,0.139138824149097
157,850.733061168693,0,13.0546110451236,35.1986134198801,11.0752571797322,0,89.9288427580054,0.0096144285650793,0,9.00174902716808e-09,0,0,8.537637310122e-09,12.8990584413455,52.6666666666667,0,0,11.0752571797322,1.51950292370039,139.266938831307,0.140673675587178
158,849.205274222592,0,13.131885652878,35.4518940092517,11.1705981906505,0,91.0306015818057,0.00974634282196647,0,8.98986285642687e-09,0,0,8.52252564100916e-09,12.9769966369506,53,0,0,11.1705981906505,1.52778694610143,140.794725777408,0.142216894724655
159,847.669257111682,0,13.2088043579127,35.7051456801185,11.2662525377295,0,92.1406609198986,0.00987939265867828,0,8.97789053893699e-09,0,0,8.507330611772e-09,13.0546110454756,53.3333333333333,0,0,11.2662525377295,1.53601711091004,142.330742888318,0.143768427159917
160,846.125065565063,0,13.2853509758746,35.9583298713564,11.3622124617654,0,93.2590275441331,0.0100135818072732,0,8.96583207158679e-09,0,0,8.49205274231084e-09,13.1318856532325,53.6666666666667,0,0,11.3622124617654,1.5441915466189,143.874934434937,0.145328216600946
161,844.572757186491,0,13.3615092460161,36.211407535183,11.4584699949092,0,94.3857071234931,0.0101489139073919,0,8.95368746421248e-09,0,0,8.47669257120158e-09,13.2088043582697,54,0,0,11.4584699949092,1.55230837857202,145.427242813509,0.14689620486213
162,843.012391456716,0,13.437262837345,36.4643391452216,11.5550169606706,0,95.520704207543,0.0102853925037723,0,8.94145673976631e-09,0,0,8.46125065573524e-09,13.2853509762342,54.3333333333333,0,0,11.5550169606706,1.56036572977516,146.987608543284,0.148472331861903
163,841.444029734996,0,13.5125953549151,36.7170847049758,11.6518449740047,0,96.6640222100642,0.0104230210437646,0,8.92913993448211e-09,0,0,8.44572757194936e-09,13.3615092463782,54.6666666666667,0,0,11.6518449740047,1.56836172171949,148.555970265004,0.150056535621216
164,839.867735259778,0,13.5874903462538,36.9696037567132,11.7489454414827,0,97.8156633928971,0.0105618028748468,0,8.91673709803804e-09,0,0,8.43012391465146e-09,13.4372628377097,55,0,0,11.7489454414827,1.57629447521816,150.132264740222,0.15164875226285
165,838.283573148523,0,13.6619313079252,37.2218553907625,11.84630956155,0,98.975628849997,0.0107017412421434,0,8.90424829371649e-09,0,0,8.4144402974341e-09,13.5125953552823,55.3333333333333,0,0,11.84630956155,1.58416211125521,151.716426851477,0.153248916011593
166,836.691610396677,0,13.7359016922242,37.4737982552226,11.9439283248716,0,100.143918491719,0.0108428392859456,0,8.89167359856102e-09,0,0,8.39867735268177e-09,13.5874903466235,55.6666666666667,0,0,11.9439283248716,1.59196275184622,153.308389603323,0.154856959195276
167,835.091915875766,0,13.8093849139985,37.7253905660857,12.0417925147699,0,101.32053102934,0.0109851000392374,0,8.87901310353003e-09,0,0,8.38283573156906e-09,13.6619313082975,56,0,0,12.0417925147699,1.59969452091032,154.908084124234,0.156472812246701
168,833.484560330613,0,13.8823643575959,37.9765901177742,12.1398927077542,0,102.505463959837,0.0111285264252253,0,8.86626691364717e-09,0,0,8.36691610405043e-09,13.735901692599,56.3333333333333,0,0,12.1398927077542,1.60735554515276,156.515439669386,0.158096403706451
169,831.869616375656,0,13.9548233839317,38.2273542940908,12.2382192741458,0,103.698713550921,0.0112731212548753,0,8.85343514814837e-09,0,0,8.35091915884117e-09,13.8093849143758,56.6666666666667,0,0,12.2382192741458,1.6149439549576,158.130383624344,0.15972766022661
170,830.247158490366,0,14.0267453376736,38.4776400795812,12.3367623787995,0,104.900274826355,0.011418887224457,0,8.84051794062519e-09,0,0,8.33484560338948e-09,13.8823643579756,57,0,0,12.3367623787995,1.62245788528988,159.752841509634,0.161366506575388
171,828.617263013759,0,14.0981135545386,38.7274040713098,12.4355119819243,0,106.110141551554,0.0115658269130966,0,8.82751543916448e-09,0,0,8.31869616383975e-09,13.954823384314,57.3333333333333,0,0,12.4355119819243,1.6298954766065,161.38273698624,0.163012865642667
172,826.980008137984,0,14.1689113686985,38.9766024910439,12.5344578400042,0,107.328306219488,0.0117139427803388,0,8.81442780648422e-09,0,0,8.30247158498668e-09,14.0267453380584,57.6666666666667,0,0,12.5344578400042,1.63725487577534,163.019991862016,0.16466665844648
173,825.335473900982,0,14.2391221202893,39.2251911978479,12.6335895068219,0,108.554760036894,0.0118632371637211,0,8.80125522006528e-09,0,0,8.28617263022046e-09,14.0981135549259,58,0,0,12.6335895068219,1.64453423700176,164.664526099017,0.166327804140422
174,823.683742178221,0,14.3087291630191,39.4731257010825,12.7328963345861,0,109.789492910815,0.0120137122763586,0,8.78799787227908e-09,0,0,8.26980008146254e-09,14.1689113690883,58.3333333333333,0,0,12.7328963345861,1.65173172276186,166.316257821779,0.167996220021999
175,822.024896673479,0,14.3777158718698,39.7203611738074,12.8323674751652,0,111.032493435474,0.0121653702045439,0,8.77465597051097e-09,0,0,8.25335473909236e-09,14.2391221206816,58.6666666666667,0,0,12.8323674751652,1.65884550474178,167.975103326521,0.16967182154194
176,820.359022908696,0,14.4460656508888,39.9668524665841,12.9319918814279,0,112.283748879497,0.0123182129053606,0,8.76122973727917e-09,0,0,8.23683742186457e-09,14.3087291634138,59,0,0,12.9319918814279,1.66587376478226,169.640977091303,0.171354522314448
177,818.686208212869,0,14.5137619410622,40.2125541216743,13.0317583086927,0,113.543245173497,0.0124722422043128,0,8.74771941034917e-09,0,0,8.22024896681699e-09,14.377715872267,59.3333333333333,0,0,13.0317583086927,1.6728146958277,171.313791787131,0.173044234128415
178,817.00654170999,0,14.5807882282676,40.4574203876311,13.1316553162883,0,114.81096689803,0.0126274597929725,0,8.73412524284339e-09,0,0,8.203590229169e-09,14.4460656512884,59.6666666666667,0,0,13.1316553162883,1.679666502879,172.99345829001,0.174740866959606
179,815.320114306041,0,14.6471280512982,40.7014052342765,13.231671269225,0,116.086897271933,0.0127838672266452,0,8.72044750334609e-09,0,0,8.18686208221056e-09,14.5137619414643,60,0,0,13.231671269225,1.68642740394927,174.679885693959,0.176444328983797
180,813.627018675019,0,14.7127650099535,40.9444623680622,13.3317943399794,0,117.371018141064,0.0129414659220551,0,8.70668647600322e-09,0,0,8.1700654171816e-09,14.5807882286722,60.3333333333333,0,0,13.3317943399794,1.69309563102178,176.372981324981,0.17815452659089
181,811.92734924401,0,14.77768277319,41.1865452478055,13.4320125103938,0,118.663309967446,0.0131002571550523,0,8.69284246061727e-09,0,0,8.15320114314194e-09,14.6471280517053,60.6666666666667,0,0,13.4320125103938,1.69966943100908,178.07265075599,0.17987136439999
182,810.221202177297,0,14.841865087326,41.4276071007969,13.53231357369,0,119.963751818831,0.0132602420583419,0,8.67891577273684e-09,0,0,8.13627018683155e-09,14.712765010363,61,0,0,13.53231357369,1.70614706671271,179.778797822703,0.181594745275457
183,808.508675359515,0,14.9052957842945,41.6676009392709,13.6326851366004,0,121.2723213587,0.0134214216192377,0,8.66490674374085e-09,0,0,8.11927349252129e-09,14.7776827736019,61.3333333333333,0,0,13.6326851366004,1.71252681778247,181.491324640485,0.183324570343925
184,806.78986837784,0,14.9679587899362,41.9064795772332,13.7331146216157,0,122.588994836697,0.0135837966774407,0,8.65081572091731e-09,0,0,8.10221202185399e-09,14.8418650877403,61.6666666666667,0,0,13.7331146216157,1.71880698167443,183.21013162216,0.185060739012283
185,805.064882503233,0,15.0298381323279,42.1441956476377,13.8335892693512,0,123.913747079527,0.0137473679228445,0,8.63664306753646e-09,0,0,8.085086753676e-09,14.9052957847112,62,0,0,13.8335892693512,1.72498587460687,184.935117496767,0.186803148986633
186,803.33382067072,0,15.090917950138,42.3807016199041,13.9340961410319,0,125.246551482312,0.0139121358933697,0,8.62238916291821e-09,0,0,8.06789868385908e-09,14.9679587903553,62.3333333333333,0,0,13.9340961410319,1.7310618325132,186.66617932928,0.188551696292202
187,801.596787458729,0,15.1511825010026,42.6159498177685,14.034622121097,0,126.58738000043,0.0140781009728264,0,8.6080544024937e-09,0,0,8.05064882511284e-09,15.0298381327494,62.6666666666667,0,0,14.034622121097,1.73703321199099,188.403212541271,0.190306275294213
188,799.853889067483,0,15.2106161699152,42.8498924374569,14.1351539199246,0,127.936203141831,0.0142452633888094,0,8.59363919786094e-09,0,0,8.03333820678753e-09,15.0909179505618,63,0,0,14.1351539199246,1.74289839124621,190.146110932517,0.192066778719714
189,798.105233296451,0,15.2692034776231,43.0824815661735,14.2356780766773,0,129.292989959864,0.0144136232106242,0,8.57914397683434e-09,0,0,8.01596787466745e-09,15.1511825014287,63.3333333333333,0,0,14.2356780766773,1.7486557710318,191.894766703549,0.193833097680352
190,796.350929520872,0,15.3269290890224,43.3136692008921,14.3361809622678,0,130.657708046599,0.0145831803472482,0,8.56456918348812e-09,0,0,7.99853889075482e-09,15.2106161703437,63.6666666666667,0,0,14.3361809622678,1.75430377557964,193.649070479128,0.195605121696089
191,794.591088667347,0,15.3837778215449,43.5434072674425,14.4366487824466,0,132.030323526674,0.0147539345453266,0,8.54991527819336e-09,0,0,7.98105233304432e-09,15.2692034780539,64,0,0,14.4366487824466,1.759840853525,195.408911332653,0.197382738719852
192,792.825823188524,0,15.4397346535291,43.771647639878,14.5370675810102,0,133.410801051671,0.0149258853872052,0,8.53518273764869e-09,0,0,7.96350929528835e-09,15.3269290894555,64.3333333333333,0,0,14.5370675810102,1.76526547882259,197.174176811476,0.199165835163107
193,791.055247036871,0,15.4947847325681,43.9983421601155,14.6374232431307,0,134.799103795026,0.0150990322890015,0,8.52037205490451e-09,0,0,7.94591088675292e-09,15.3837778219803,64.6666666666667,0,0,14.6374232431307,1.77057615165328,198.944752963129,0.200954295922353
194,789.27947563755,0,15.5489133838255,44.2234426578346,14.7377014988068,0,136.195193447484,0.015273374498715,0,8.5054837393806e-09,0,0,7.92825823196452e-09,15.4397346539669,65,0,0,14.7377014988068,1.77577139932056,200.72052436245,0.202748004406515
195,787.498625860414,0,15.6021061183141,44.4469009706235,14.8378879264351,0,137.599030213118,0.0154489110943796,0,8.49051831687701e-09,0,0,7.91055247044781e-09,15.4947847330081,65.3333333333333,0,0,14.8378879264351,1.78084977713586,202.501374139586,0.204546842565238
196,785.712815991123,0,15.6543486411266,44.6686689643606,14.9379679565025,0,139.010572805905,0.0156256409822573,0,8.47547632957827e-09,0,0,7.89279475645443e-09,15.5489133842677,65.6666666666667,0,0,14.9379679565025,1.78580986929183,204.287184008878,0.206350690918058
197,783.9221657014,0,15.7056268596129,44.8886985538159,15.0379268753977,0,140.429778446878,0.0158035628950768,0,8.4603583360507e-09,0,0,7.87498625868289e-09,15.6021061187586,66,0,0,15.0379268753977,1.7906502897226,206.0778342986,0.208159428584445
198,782.12679601845,0,15.755926891495,45.1069417234617,15.1377498293435,0,141.85660286186,0.0159826753903173,0,8.44516491123274e-09,0,0,7.8571281599898e-09,15.6543486415733,66.3333333333333,0,0,15.1377498293435,1.79536968295024,207.87320398155,0.209972933314697
199,780.326829293533,0,15.805235072912,45.323350548476,15.2374218284464,0,143.291000279784,0.0161629768485386,0,8.42989664641836e-09,0,0,7.83922165709239e-09,15.7056268600618,66.6666666666667,0,0,15.2374218284464,1.79996672491643,209.673170706467,0.211791081521684
200,778.522389169735,0,15.853537966387,45.5378772159263,15.336927750865,0,144.732923431615,0.0163444654717603,0,8.41455414923336e-09,0,0,7.82126796026271e-09,15.7559268919461,67,0,0,15.336927750865,1.80444012379855,211.477610830265,0.213613748313399
201,776.713600548925,0,15.9008223687088,45.7504740461169,15.4362523470948,0,146.182323549872,0.0165271392818899,0,8.39913804360447e-09,0,0,7.80326829301336e-09,15.8052350733652,67.3333333333333,0,0,15.4362523470948,1.80878862080923,213.286399451075,0.215440807526338
202,774.900589557947,0,15.9470753187197,45.9610935140874,15.5353802443687,0,147.639150368758,0.0167109961192026,0,8.38364896972135e-09,0,0,7.7852238917752e-09,15.8535379668424,67.6666666666667,0,0,15.5353802443687,1.81301099097855,215.099410442053,0.21727213175965
203,773.083483514029,0,15.9922841050022,46.1696882712437,15.6342959511724,0,149.103352124912,0.0168960336408725,0,8.36808758399122e-09,0,0,7.76713600556693e-09,15.9008223691663,68,0,0,15.6342959511724,1.81710604391807,216.916516485971,0.219107592410072
204,771.262410889463,0,16.0364362734567,46.3762111671087,15.7329838618731,0,150.574875558779,0.0170822493195592,0,8.35245455898627e-09,0,0,7.74900589565696e-09,15.9470753191793,68.3333333333333,0,0,15.7329838618731,1.82107262456581,218.737589110537,0.220947059707613
205,769.437501275552,0,16.0795196347618,46.5806152711739,15.8314282614588,0,152.053665916612,0.0172696404420475,0,8.33675058338365e-09,0,0,7.7308348352176e-09,15.9922841054639,68.6666666666667,0,0,15.8314282614588,1.82490961391138,220.562498724448,0.222790402751968
206,767.608885345851,0,16.121522271711,46.7828538948376,15.9296133303892,0,153.539666953103,0.0174582041079454,0,8.32097636189808e-09,0,0,7.71262410897176e-09,16.0364362739205,69,0,0,15.9296133303892,1.8286159297005,222.391114654149,0.224637489549645
207,765.776694818733,0,16.1624325464167,46.982880613412,16.0275231495537,0,155.032820934656,0.0176479372284389,0,8.30513261520705e-09,0,0,7.69437501283246e-09,16.0795196352276,69.3333333333333,0,0,16.0275231495537,1.83219052711807,224.223305181267,0.226488187051785
208,763.941062419284,0,16.202239107375,47.1806492881812,16.1251417053365,0,156.533068643298,0.0178388365251057,0,8.28922007986851e-09,0,0,7.67608885353527e-09,16.1215222721788,69.6666666666667,0,0,16.1251417053365,1.83563239944907,226.058937580716,0.228342361192643
209,762.102121840567,0,16.2409308963833,47.3761140884956,16.2224528947858,0,158.040349381239,0.0180308985287901,0,8.27323950823113e-09,0,0,7.65776694826391e-09,16.1624325468865,70,0,0,16.2224528947858,1.83894057871657,227.897878159433,0.23019987692872
210,760.260007704271,0,16.2784971553034,47.5692295138819,16.3194405308857,0,159.554600976079,0.0182241195785386,0,8.25719166833703e-09,0,0,7.63941062426923e-09,16.2022391078468,70.3333333333333,0,0,16.3194405308857,1.84211413629609,229.739992295729,0.232060598278514
211,758.414855520766,0,16.3149274326642,47.7599504161532,16.4160883479275,0,161.075759786668,0.0184184958205988,0,8.24107734381698e-09,0,0,7.62102121848188e-09,16.240930896857,70.6666666666667,0,0,16.4160883479275,1.84515218350562,231.585144479234,0.233924388362863
212,756.566801648595,0,16.3502115900945,47.9482320215007,16.5123800069792,0,162.603760709623,0.0186140232074818,0,8.22489733377808e-09,0,0,7.60260007711874e-09,16.2784971557791,71,0,0,16.5123800069792,1.8480538721707,233.433198351405,0.235791109445864
213,754.715983253431,0,16.3843398085811,48.1340299525486,16.6082991014503,0,164.138537186491,0.0188106974970907,0,8.20865245268399e-09,0,0,7.5841485552835e-09,16.3149274331418,71.3333333333333,0,0,16.6082991014503,1.85081839516385,235.284016746569,0.237660622976332
214,752.862538266513,0,16.4173025945454,48.3173002503541,16.7038291627482,0,165.680021211587,0.0190085142519139,0,8.19234353022753e-09,0,0,7.56566801656161e-09,16.3502115905739,71.6666666666667,0,0,16.7038291627482,1.85344498691774,237.137461733487,0.239532789629785
215,751.006605342602,0,16.4490907857297,48.4979993963346,16.7989536660252,0,167.22814334047,0.0192074688382874,0,8.17597141119589e-09,0,0,7.54715983260978e-09,16.3843398090625,72,0,0,16.7989536660252,1.85593292391157,238.993394657398,0.241407469350907
216,749.148323817472,0,16.4796955568898,48.6760843341027,16.893656036012,0,168.782832699098,0.0194075564257243,0,8.15953695532826e-09,0,0,7.52862538274042e-09,16.4173025950286,72.3333333333333,0,0,16.893656036012,1.85828152513004,240.851676182528,0.243284521396493
217,747.287833664977,0,16.5091084252854,48.8515124911913,16.9879196529352,0,170.344016993624,0.0196087719863143,0,8.14304103716607e-09,0,0,7.51006605350112e-09,16.4490907862147,72.6666666666667,0,0,16.9879196529352,1.86049015249444,242.712166335023,0.245163804378811
218,745.425275453712,0,16.5373212559634,49.0242418006496,17.0817278585151,0,171.911622520865,0.0198111102941936,0,8.1264845458958e-09,0,0,7.49148323824963e-09,16.4796955573766,73,0,0,17.0817278585151,1.8625582112653,244.574724546288,0.247045176309382
219,743.560790303296,0,16.5643262668282,49.1942307224919,17.1750639620419,0,173.485574179417,0.0200145659250866,0,8.10986838518435e-09,0,0,7.4728783367245e-09,16.5091084257739,73.3333333333333,0,0,17.1750639620419,1.86448515041626,246.439209696704,0.248928494643136
220,741.694519840317,0,16.5901160334924,49.3614382649799,17.2679112465246,0,175.06579548143,0.0202191332559192,0,8.09319347300709e-09,0,0,7.45425275461166e-09,16.5373212564537,73.6666666666667,0,0,17.2679112465246,1.86627046297851,248.305480159683,0.250813616322912
221,739.826606153962,0,16.6146834939045,49.5258240057201,17.3602529749121,0,176.652208565037,0.020424806464506,0,8.07646074146866e-09,0,0,7.43560790310731e-09,16.5643262673201,74,0,0,17.3602529749121,1.8679136863557,250.173393846038,0.252700397824281
222,737.957191751353,0,16.6380219527461,49.687348112558,17.4520723963806,0,178.244734207433,0.0206315795293111,0,8.05967113661646e-09,0,0,7.41694519847734e-09,16.5901160339861,74.3333333333333,0,0,17.4520723963806,1.86941440260869,252.042808248647,0.254588695200654
223,736.086419512643,0,16.6601250855953,49.8459713642501,17.5433527526841,0,179.843291838598,0.0208394462292847,0,8.042825618247e-09,0,0,7.3982660616136e-09,16.6146834943998,74.6666666666667,0,0,17.5433527526841,1.87077223870996,253.913580487357,0.256478364128644
224,734.214432645875,0,16.6809869428521,50.001655170895,17.6340772845654,0,181.447799555668,0.0210484001437739,0,8.02592515970514e-09,0,0,7.37957191758732e-09,16.6380219532429,75,0,0,17.6340772845654,1.87198686676738,255.785567354125,0.258369259953661
225,732.341374641658,0,16.7006019534189,50.1543615941066,17.7242292382224,0,183.058174137941,0.0212584346525112,0,8.00897074767632e-09,0,0,7.36086419520004e-09,16.6601250860938,75.3333333333333,0,0,17.7242292382224,1.87305800421701,257.658625358342,0.260261237735698
226,730.467389227674,0,16.718964928135,50.3040533669092,17.8137918718261,0,184.67433106252,0.0214695429356792,0,7.99196338197176e-09,0,0,7.34214432653218e-09,16.6809869433521,75.6666666666667,0,0,17.8137918718261,1.87398541398484,259.532610772326,0.262154152295279
227,728.592620323057,0,16.7360710629593,50.4506939133377,17.9027484620869,0,186.296184520585,0.0216817179740535,0,7.97490407530693e-09,0,0,7.32341374648982e-09,16.7006019539204,76,0,0,17.9027484620869,1.87476890461713,261.407379676943,0.264047858259539
228,726.717211992677,0,16.7519159418987,50.5942473677253,17.9910823108634,0,187.923647434286,0.021894952549223,0,7.95779385307311e-09,0,0,7.30467389234978e-09,16.718964928638,76.3333333333333,0,0,17.9910823108634,1.87540833037935,263.282788007323,0.265942210108407
229,724.841308401354,0,16.766495539678,50.7346785936599,18.0787767518121,0,189.556631474252,0.0221092392438902,0,7.94063375310242e-09,0,0,7.28592620330343e-09,16.7360710634638,76.6666666666667,0,0,18.0787767518121,1.87590359132353,265.158691598646,0.267837062220855
230,722.96505376803,0,16.7798062241489,50.8719532025926,18.1658151570705,0,191.195047077716,0.022324570442249,0,7.92342482542615e-09,0,0,7.26717211999944e-09,16.7519159424047,77,0,0,18.1658151570705,1.87625463332401,267.03494623197,0.269732268921182
231,721.088592319948,0,16.791844758436,51.0060375720811,18.2521809439724,0,192.838803467231,0.022540938330444,0,7.90616813202677e-09,0,0,7.24841308408602e-09,16.7664955401853,77.3333333333333,0,0,18.2521809439724,1.87646144808148,268.911407680052,0.271627684525305
232,719.212068246853,0,16.8026083028163,51.1368988636506,18.3378575817882,0,194.487808669995,0.0227583348971079,0,7.88886474658354e-09,0,0,7.22965053775259e-09,16.7798062246576,77.6666666666667,0,0,18.3378575817882,1.87652407309542,270.787931753147,0.273523163387017
233,717.335625655248,0,16.8120944163305,51.2645050402566,18.4228285984875,0,196.141969537743,0.022976751933981,0,7.87151575421191e-09,0,0,7.21088592327159e-09,16.7918447589461,78,0,0,18.4228285984875,1.87644259160491,272.664374344752,0.275418559944194
234,715.45940852275,0,16.8203010581251,51.3888248833322,18.5070775875187,0,197.801191767237,0.0231961810366095,0,7.85412225119689e-09,0,0,7.19212068254045e-09,16.8026083033277,78.3333333333333,0,0,18.5070775875187,1.87621713249791,274.54059147725,0.277313728764899
235,713.583560652561,0,16.8272265885226,51.5098280094051,18.5905882146011,0,199.465379921305,0.0234166136051261,0,7.83668534472044e-09,0,0,7.17335625662421e-09,16.8120944168432,78.6666666666667,0,0,18.5905882146011,1.87584787018918,276.416439347439,0.279208524593373
236,711.708225628094,0,16.8328697698203,51.6274848862679,18.6733442245244,0,201.134437450448,0.0236380408451104,0,7.81920615258308e-09,0,0,7.15459408529905e-09,16.820301058639,79,0,0,18.6733442245244,1.87533502446695,278.291774371906,0.281102802395865
237,709.833546767785,0,16.8372297668155,51.7417668486878,18.7553294479518,0,202.808266714991,0.0238604537685308,0,7.80168580291984e-09,0,0,7.13583560659697e-09,16.8272265890377,79.3333333333333,0,0,18.7553294479518,1.87467886030852,280.166453232215,0.282996417406278
238,707.95966708012,0,16.8403061470566,51.8526461136394,18.8365278082208,0,204.486769007768,0.0240838431947671,0,7.78412543391073e-09,0,0,7.11708225635211e-09,16.8328697703366,79.6666666666667,0,0,18.8365278082208,1.8738796876651,282.04033291988,0.284889225171596
239,706.086729218904,0,16.842098880822,51.960095795048,18.9169233281379,0,206.169844577336,0.0243081997517149,0,7.76652619348583e-09,0,0,7.09833546774884e-09,16.8372297673329,80,0,0,18.9169233281379,1.87293786121609,283.913270781096,0.286781081597067
